accuracy,precision_weighted,recall_weighted,f1_weighted
0.8666666666666667,0.8666666666666667,0.8666666666666667,0.8666666666666667
