accuracy,precision_weighted,recall_weighted,f1_weighted
0.9333333333333333,0.95,0.9333333333333333,0.9347619047619048
